id,question,our_model_answer,our_model_reasoning,our_model_facts,gpt_answer
0,"What are the main differences between the US Senate and House of Representatives in terms of their constitutional roles, number of members, and representation of the states?","To sum up, the main differences between the US Senate and House of Representatives are:

1. Constitutional roles:
The House of Representatives initiates revenue bills and can impeach government officials. 
The Senate approves or rejects presidential appointments, approves treaties, and holds trials of impeached officials.

2. Number of members:
The House of Representatives has 435 voting members, plus non-voting delegates from some territories. The number of voting members from each state is determined by population, with each state guaranteed at least one representative. 
The Senate has 100 members, with each state having two Senators regardless of population.

3. Representation of the states:
The House of Representatives representation is based on a state's population, with each state being guaranteed at least one representative. 
The Senate has an equal number of two senators from each state, regardless of population, which balances the representation of small and large states in Congress.","['1- What is the difference in the constitutional roles of the House of Representatives and the Senate? ', '2- How does the number of members in the House of Representatives and Senate differ? ', '3- What is the difference in the representation of states in the House of Representatives and the Senate?']","The House of Representatives and the Senate are two separate chambers of the United States Congress, and each chamber has a distinct set of constitutional roles. 

The House of Representatives has the power to initiate revenue bills, or bills that deal with taxes or government spending, and all bills related to government appropriations must originate in the House. The House also has the power to impeach government officials, which means they can bring charges against a government official and hold a trial to determine whether or not to remove them from office. 

The Senate, on the other hand, has the power to approve or reject presidential appointments to the executive and judicial branches of the government, including federal judges and Supreme Court justices, and also approves any treaties made by the President with foreign countries. The Senate also holds the power to conduct trials of impeached officials, serving as a jury to determine guilt or innocence and whether to remove them from office. 

Overall, both the House of Representatives and the Senate have important constitutional roles in the legislative process and in shaping the policies of the United States government.
The number of members in the House of Representatives and Senate differ in that the House of Representatives has 435 voting members, plus non-voting delegates from Puerto Rico, American Samoa, Guam, the Northern Mariana Islands, and the U.S. Virgin Islands. The number of voting members from each state is determined by population, with each state guaranteed at least one representative. 

The Senate, on the other hand, has 100 members, with each state having two Senators regardless of population. This was established in the U.S. Constitution as a way to balance the representation of small and large states in Congress.
The House of Representatives representation is based on a state's population, with each state being guaranteed at least one representative. However, the number of voting members from each state is determined by population. The Senate, on the other hand, has an equal number of two senators from each state, regardless of population. This was established in the U.S. Constitution as a way to balance the representation of small and large states in Congress.","The US Senate and House of Representatives are different in a number of ways. Here are their main differences in terms of their constitutional roles, number of members, and representation of the states:

1. Constitutional roles: The House of Representatives is responsible for initiating revenue bills, impeaching federal officials, and electing the President in the event that no candidate wins a majority of electoral votes. The Senate, on the other hand, has the authority to approve treaties and presidential nominations, and to act as the jury in impeachment cases.

2. Number of members: The House of Representatives has 435 members, with each member representing a district within their respective state. The number of representatives per state is determined by population size. In contrast, the Senate has 100 members, with each state having two senators regardless of population size.

3. Representation of the states: The House of Representatives provides representation to each state based on population size, with each state allocated a number of seats proportional to its population. The Senate, however, provides equal representation to each state, with every state having two senators. This means that smaller states have a greater say in the Senate than they do in the House of Representatives.

In summary, while the House of Representatives is responsible for initiating revenue bills and impeaching federal officials, the Senate has the authority to approve treaties and presidential nominations, and to act as the jury in impeachment cases. The House has a larger number of members and representation is based on population size, while each state is represented equally in the Senate with two senators."
2,In what ways did the Treaty of Tordesillas and the Treaty of Zaragoza shape the global political landscape by dividing the newly discovered territories between Spain and Portugal?,"The Treaty of Tordesillas and the Treaty of Zaragoza significantly shaped the global political landscape by dividing the newly discovered territories between Spain and Portugal. These treaties established a precedent for other European countries that sought to establish colonies and claim lands in newly discovered territories, which led to the expansion of the global political landscape. The treaties also contributed to the spread of European culture and influence around the world, as European languages, religions, and customs were introduced to the newly discovered territories. Moreover, the division of territories based on these treaties significantly contributed to the rise of powerful colonial empires and the growth of the global economy, as both countries were able to establish and exploit their respective territories to fuel their economic interests.","['1- What were the specific terms of the Treaty of Tordesillas and the Treaty of Zaragoza? ', '2- What was the reasoning behind dividing the newly discovered territories between Spain and Portugal? ', '3- How did the Treaty of Tordesillas and the Treaty of Zaragoza impact the distribution of land, resources, and power in the newly discovered territories? ', '4- What were the long-term consequences of the treaties for the global political landscape?']","The Treaty of Tordesillas was signed between Spain and Portugal in 1494, and it established a line of demarcation dividing the New World territories between the two countries. The line was located 370 leagues west of the Cape Verde Islands, giving everything to the east of the line to Portugal and everything to the west of the line to Spain.

The Treaty of Zaragoza was signed in 1529 between Spain and Portugal, and it resolved a dispute over the ownership of the Spice Islands (Moluccas). The line of demarcation in this treaty was drawn to the east of the Moluccas, giving them to Portugal, while everything west of the line was given to Spain.
The reasoning behind dividing the newly discovered territories between Spain and Portugal was due to their rivalry during the Age of Exploration. Both countries were seeking to expand their global empires and acquire new territories and resources. The Pope, acting as a mediator, suggested the establishment of a line of demarcation to avoid conflict between the two countries. The Treaty of Tordesillas was signed to divide the territories that they would claim, while the Treaty of Zaragoza was signed later to settle a specific dispute over the ownership of the Spice Islands.
The Treaty of Tordesillas and the Treaty of Zaragoza had a significant impact on the distribution of land, resources, and power in the newly discovered territories. The Treaty of Tordesillas gave Portugal a large portion of territory in South America, Africa, and Asia, while Spain was awarded most of the Americas. This division allowed both countries to establish colonies in their respective territories, which led to the exploitation of natural resources, including minerals, crops, and precious metals. 

As a result, Portugal became a dominant player in the spice trade, while Spain was able to establish a vast empire in the Americas. The division of territories also strengthened the power of these two countries and helped to further their economic interests. Additionally, the treaties set a precedent for other European countries that sought to establish colonies and claim lands in newly discovered territories. 

Overall, the treaties had a significant impact on the distribution of land, resources, and power in the newly discovered territories, which led to the rise of powerful empires and the exploitation of natural resources.
The long-term consequences of the Treaty of Tordesillas and the Treaty of Zaragoza for the global political landscape were significant. These treaties laid the foundation for the colonial empires of Spain and Portugal, which had a major impact on world history. The division of territories between these two countries led to the exploitation of natural resources in their respective territories, and helped to fuel the growth of their economies. 

The treaties also set a precedent for other European countries to establish colonies and claim lands in newly discovered territories. This led to the expansion of the global political landscape, as more countries began to establish colonies and compete for resources in different parts of the world. 

The division of territories based on these treaties also contributed to the spread of European culture and influence around the world. European languages, religions, and customs were introduced to the newly discovered territories, and many of these cultures were eventually assimilated into the larger global culture. 

Overall, the treaties had a profound and lasting impact on the global political landscape, contributing to the rise of powerful colonial empires and the growth of the global economy.","The Treaty of Tordesillas, signed in 1494, was an agreement between Spain and Portugal that divided the newly discovered territories in the Americas and around the world. The treaty established a line of demarcation 370 leagues west of the Cape Verde Islands, with all lands to the east belonging to Portugal and all lands to the west belonging to Spain. This division helped shape the global political landscape by giving Spain and Portugal exclusive rights to explore and colonize the newly discovered territories, ultimately leading to the establishment of their global empires. It also led to the displacement and exploitation of Indigenous peoples and the introduction of European diseases, which had devastating impacts on their populations.

The Treaty of Zaragoza, signed in 1529, was a continuation of the Treaty of Tordesillas, but focused specifically on the territories in the Pacific Ocean. It established a second line of demarcation, 297.5 leagues east of the Moluccas, giving Spain control of the Philippines and the Marianas Islands, and Portugal control of the Spice Islands. This treaty helped solidify Spain and Portugal's dominant positions in the new world order and cemented their status as global superpowers."
3,"How did the discoveries of Watson, Crick, and Rosalind Franklin contribute to our understanding of DNA's structure and function, and how has that knowledge impacted modern genetics and biotechnology?",,"['1- What was the contribution of Watson and Crick to the discovery of DNA structure? ', ""2- Who was Rosalind Franklin and what was her role in the discovery of DNA's structure? "", ""3- How did these discoveries affect our understanding of DNA's function? "", '4- How have these discoveries impacted modern genetics and biotechnology?']","Watson and Crick are credited with discovering the double helix structure of DNA, the molecule that carries genetic information. Their discovery was based on X-ray crystallography data produced by Rosalind Franklin and Maurice Wilkins. Watson and Crick used this data to propose a model of DNA consisting of two complementary strands twisted into a helical shape, with the bases on one strand pairing specifically with the bases on the other strand. This model helped to explain how genetic information is stored and passed on from one generation to the next.
Answer: Rosalind Franklin was a British chemist and X-ray crystallographer who played a critical role in the discovery of DNA's structure. She produced X-ray diffraction images of DNA fibers that provided key information about the molecule's shape and structural characteristics. Her work was instrumental in helping Watson and Crick determine that DNA has a double helix structure, and her data was used by Watson, Crick, and Wilkins in the development of their model for DNA. Unfortunately, Franklin did not receive the recognition she deserved for her contributions during her lifetime, as she died of ovarian cancer at the age of 37, before the Nobel Prize in Physiology or Medicine was awarded to Watson, Crick, and Wilkins in 1962.
These discoveries of the double helix structure of DNA and its key features helped to explain how genetic information is stored and passed on from one generation to the next. It showed that DNA is made up of a specific sequence of nucleotides, which provide the blueprint for the production of proteins and other important molecules in the body. This understanding has led to advancements in the fields of genetics and genetic engineering, allowing researchers to manipulate and modify DNA to develop new treatments for genetic diseases and engineer new traits in plants and animals. Overall, the knowledge gained from these discoveries has had a profound impact on our understanding of biology and has paved the way for countless scientific advancements in the field of genetics.
Answer: The discoveries of the double helix structure of DNA and its key features have had a significant impact on modern genetics and biotechnology. These discoveries have allowed researchers to understand how genes work, how they are inherited, and how they can be manipulated. 

Advancements in genetic engineering have been made possible through these discoveries, with the ability to modify DNA being a critical tool in modern biotechnology. For example, researchers have been able to modify the genes of crops to make them more resistant to disease, pests, and environmental stress, leading to higher yields and more efficient agriculture. 

In medicine, the understanding of genetics has led to the development of new drugs and therapies for genetic diseases, such as cystic fibrosis, sickle cell anemia, and muscular dystrophy. These discoveries have also paved the way for the development of gene therapy, which involves replacing or repairing defective genes to treat genetic disorders.

Overall, the discoveries of the double helix structure of DNA and its key features have opened up new avenues in genetics and biotechnology, allowing researchers to develop new treatments for diseases and create new products and technologies to improve our quality of life.","The discoveries of Watson, Crick, and Rosalind Franklin led to the discovery of DNA's double helix structure, and the understanding of the specific base pairing rules (Adenine to Thymine, and Cytosine to Guanine) that dictate DNA's genetic code. This knowledge has revolutionized genetics and biotechnology, allowing scientists to better understand and manipulate DNA for various applications.

First, the ability to sequence DNA has allowed us to identify and understand genetic mutations and variations, thereby improving diagnosis and treatment of genetic disorders. Additionally, genetic engineering allows us to manipulate DNA in a controlled manner, leading to advances in medicine, agriculture, and environmental science. For example, genetic engineering has led to the development of genetically modified crops that are more resistant to pests and disease, and the production of recombinant proteins for use in medicine, such as insulin.

In summary, the discovery of DNA's structure and function has transformed the field of genetics and biotechnology, and will continue to have a significant impact on scientific research and society as a whole."
4,"How do the chemical compositions, atmospheric conditions, and distances from the sun of Mars and Venus affect their potential for human colonization and terraforming efforts?","The chemical compositions, atmospheric conditions, and distances from the sun of Mars and Venus have significant impacts on their potential for human colonization and terraforming efforts. While Mars appears to be a more suitable planet for terraforming and colonization due to its relatively lower atmospheric pressure, availability of some resources, and lower temperatures compared to Venus, both planets still pose significant challenges that need to be addressed to make them habitable for human beings. The differing atmospheric pressures and compositions of Mars and Venus mean that different technologies would need to be employed for terraforming and colonization efforts. Additionally, the distances of both planets from the sun significantly impact their temperatures and radiation exposure, which in turn would require innovative solutions to facilitate long-term human habitation. Scientists and engineers must conduct more research and develop appropriate technologies to overcome these challenges before any practical terraforming and colonization efforts can be made.","['1- What are the chemical compositions of the atmospheres of Mars and Venus?', '2- How do the atmospheric conditions and surface temperatures of Mars and Venus differ?', '3- In what ways could the atmosphere and surface conditions of each planet be modified or terraformed to make them more hospitable for human colonization?', '4- What would be the biggest challenges and obstacles to successful colonization of each planet?', '5- How do the distances of Mars and Venus from the sun affect the possibility of colonization and terraforming?']","The chemical composition of Mars' atmosphere is primarily carbon dioxide (95.3%) with minor amounts of nitrogen (2.7%), argon (1.6%), and other gases such as oxygen and methane. 

The composition of Venus' atmosphere is primarily carbon dioxide (96.5%) with traces of nitrogen, sulfur dioxide, and other gases such as carbon monoxide and neon.
The atmospheric conditions and surface temperatures of Mars and Venus differ significantly. 

On Mars, the atmosphere is much thinner than Earth's atmosphere, with a pressure at the surface that is about 1% of Earth's. This thin atmosphere means that Mars has a much lower greenhouse effect, resulting in much colder temperatures at the surface than on Earth. The average temperature on Mars is around -63°C (-81°F).

On the other hand, Venus has a thick atmosphere that is primarily composed of carbon dioxide. The atmospheric pressure at the surface of Venus is about 90 times greater than Earth's, creating a strong greenhouse effect. This leads to extremely high temperatures, with an average surface temperature of about 462°C (864°F). 

Therefore, while Mars is a cold and dry planet, Venus is extremely hot and filled with a thick, toxic atmosphere.
There are various proposals for terraforming Mars or Venus to make them more habitable for humans. 

For Mars, one idea is to warm up the planet by releasing greenhouse gases such as methane and carbon dioxide into the atmosphere to increase its thickness and trap more heat. Other proposals include creating artificial magnetic fields to protect against solar radiation, importing water and other volatiles to create a thicker atmosphere and provide resources for life support, and even genetically engineering organisms that can produce oxygen and fix nitrogen to create a sustainable biosphere.

For Venus, the thick atmosphere could be used to our advantage by converting carbon dioxide into oxygen through a process called terraforming. This could be achieved by introducing photosynthetic organisms or engineered bacteria that can break down carbon dioxide and release oxygen. Another idea is to use solar shades or mirrors to reflect sunlight and cool the planet's surface. It is important to note that terraforming is an extremely complex and challenging process, and the potential impacts on the existing environments and ecosystems of these planets would need to be carefully considered before any large-scale modification can be carried out.
The biggest challenges and obstacles to successful colonization of Mars would include:
1. The low atmospheric pressure and lack of a magnetic field would expose human colonists to harmful solar radiation and cosmic rays.
2. Mars has extremely cold temperatures which would require advanced technologies to keep human habitats warm.
3. The lack of a breathable atmosphere would require oxygen generation through terraforming, or the continuous production and delivery of oxygen supplies.
4. The absence of surface liquid water and a limited supply of resources such as food, fuel and raw materials would require the development of sustainable and efficient resource management systems.

The biggest challenges and obstacles to successful colonization of Venus would include:
1. The extreme heat and pressure of the planet's atmosphere would require advanced technologies to cool and pressurize human habitats.
2. The acidic and toxic atmospheric conditions would require the development of technology to protect colonists and materials from corrosion and chemical damage.
3. The thick atmosphere and lack of sunlight penetration would make it difficult to grow food through photosynthesis.
4. The lack of surface water and limited resources such as raw materials and fuel would require advanced resource management systems and innovation in logistics and transportation.
The distances of Mars and Venus from the sun affect the possibility of colonization and terraforming in different ways. 

Mars is located further away from the sun than Earth, which means it receives less solar radiation and is much colder. Terraforming Mars would require warming up the planet and increasing its atmospheric thickness, which could be achieved through the release of greenhouse gases. Colonizing Mars also presents challenges related to the planet's low atmospheric pressure, lack of a magnetic field, and absence of surface water.

On the other hand, Venus is located closer to the sun than Earth, which means it receives much more solar radiation and is extremely hot. Terraforming Venus would require cooling down the planet and converting its thick atmosphere of carbon dioxide into a breathable atmosphere for humans. Colonizing Venus also presents challenges related to its extreme pressure and acidic atmosphere, lack of surface water, and limited resources.

Overall, the distances of Mars and Venus from the sun affect the possibility of colonization and terraforming by determining the types of challenges that would need to be addressed and the types of technologies that would need to be developed to make these planets more habitable for humans.","The chemical compositions, atmospheric conditions, and distances from the sun of Mars and Venus play a significant role in their potential for human colonization and terraforming efforts. Let's take a look at each factor individually.

Chemical composition:
Mars and Venus have vastly different chemical compositions. Mars has a thin atmosphere that is primarily composed of carbon dioxide, with trace amounts of other gases. The surface of Mars is rich in iron, sulfates, and other minerals that could theoretically be used to extract resources for human colonies. On the other hand, Venus has a thick atmosphere dominated by carbon dioxide, nitrogen, and sulfuric acid. The surface of Venus is mostly volcanic rock and basalt, and lacks important resources such as water and oxygen.

Atmospheric conditions:
The atmospheric conditions on Mars and Venus are also drastically different. Mars has a thin atmosphere that is not capable of providing significant protection from solar radiation, and the lack of a magnetic field exacerbates this problem. Venus, on the other hand, has a very thick atmosphere that traps heat and creates a runaway greenhouse effect, resulting in surface temperatures of over 867°F (464°C). The conditions on both planets would require significant adaptations for human life to survive.

Distances from the sun:
Both planets are relatively close to Earth, with Mars being about 140 million miles away at its closest point and Venus being about 25 million miles away. However, the distance from the sun plays a critical role in the potential for terraforming efforts. Mars is significantly colder than Earth due to its distance from the sun, which means that attempts to warm the planet through greenhouse gases or other methods would require a significant amount of energy. Venus, on the other hand, is too close to the sun, resulting in surface temperatures that make it inhospitable to life as we know it.

In summary, the chemical compositions, atmospheric conditions, and distances from the sun of Mars and Venus all play a crucial role in their potential for human colonization and terraforming. While both planets present significant challenges to human exploration and habitation, Mars is currently considered the most feasible option for future human exploration and colonization efforts. However, it will require significant technological advancements and resources to make a human presence on Mars a reality."
