id,question,our_model_answer,our_model_subquestions,our_model_subanswers_bAPI,our_model_subanswers_aAPI,gpt_answer
0,"What are the main differences between the US Senate and House of Representatives in terms of their constitutional roles, number of members, and representation of the states?","To summarize, the main differences between the US Senate and House of Representatives are:

1. Constitutional Roles: The US Senate provides advice and consent on presidential nominations, approves treaties, and holds impeachment trials of federal officials. The US House of Representatives introduces and passes bills, and has the power to initiate impeachment proceedings against federal officials.

2. Number of Members: The US Senate has 100 members, whereas the US House of Representatives has 435 voting representatives, with 5 non-voting members.

3. Representation of States: The US Senate provides equal representation for each state, with each state being represented by two senators, while the US House of Representatives is based on population, with more populous states having more representatives than less populous states.

These differences have significant implications for the legislative process in the US Congress, as they reflect the framers' desire to balance the interests of larger and smaller states. However, they can also create challenges in achieving a functional and effective legislative system.","1- What is the role of the US Senate in the legislative process? 
2- What is the role of the US House of Representatives in the legislative process? 
3- How many members are there in the US Senate? 
4- How many members are there in the US House of Representatives? 
5- How are members of the Senate and House of Representatives selected? 
6- What is the difference between the representation of states in the Senate and the House of Representatives? 
7- What are the implications of these differences for the legislative process in the US Congress?","The role of the US Senate in the legislative process is to provide advice and consent on presidential nominations and to serve as a check on the power of the House of Representatives. The Senate also has the power to approve treaties and hold impeachment trials of federal officials.
The role of the US House of Representatives in the legislative process is to introduce and pass bills that then go to the Senate for approval. The House also has the power to initiate impeachment proceedings against federal officials.
In the US Senate, there are currently [Wiki(United States Senate)] members.
The US House of Representatives currently has [QA('How many members are there in the US House of Representatives?')].
The members of the Senate are selected through direct election by the people of each state, with each state being represented by two senators. The members of the House of Representatives are also elected directly by the people of their congressional district, with the number of representatives for each state being determined by population.
Answer: The representation of states in the Senate is equal, with each state being represented by two senators. This means that smaller states have the same representation as larger states. However, in the House of Representatives, the representation of states is based on population, with more populous states having more representatives than less populous states.
Answer: The implications of these differences for the legislative process in the US Congress are significant. The equal representation of states in the Senate means that smaller states have a greater voice in the legislative process than they would if representation was based on population alone. This can make it more difficult for larger states to pass legislation that would benefit their constituents. Additionally, the fact that senators serve longer terms than representatives (six years compared to two years) means that there is greater continuity and stability in the Senate, but also makes it more difficult to remove ineffective or unpopular senators. The representation by population in the House of Representatives means that larger states have a greater say in the legislative process, but can also make it more difficult for smaller states to have their voices heard. Overall, these differences reflect the framers' desire to balance the interests of larger and smaller states within the US Congress, but can create challenges in achieving a functional and effective legislative system.","Main Question: What are the main differences between the US Senate and House of Representatives in terms of their constitutional roles, number of members, and representation of the states?

Fact: The role of the US Senate in the legislative process is to provide advice and consent on presidential nominations and to serve as a check on the power of the House of Representatives. The Senate also has the power to approve treaties and hold impeachment trials of federal officials.
Fact: The role of the US House of Representatives in the legislative process is to introduce and pass bills that then go to the Senate for approval. The House also has the power to initiate impeachment proceedings against federal officials.
Fact: In the US Senate, there are currently [The United States Senate is the upper chamber of the United States Congress, with the House of Representatives being the lower chamber. Together they compose the national bicameral legislature of the United States. The US senate is composed of 100] members.
Fact: The US House of Representatives currently has [There are currently 435 voting representatives. Five delegates and one resident commissioner serve as non-voting members of the House, although they can vote in committee.].
Fact: The members of the Senate are selected through direct election by the people of each state, with each state being represented by two senators. The members of the House of Representatives are also elected directly by the people of their congressional district, with the number of representatives for each state being determined by population.
Fact: Answer: The representation of states in the Senate is equal, with each state being represented by two senators. This means that smaller states have the same representation as larger states. However, in the House of Representatives, the representation of states is based on population, with more populous states having more representatives than less populous states.
Fact: Answer: The implications of these differences for the legislative process in the US Congress are significant. The equal representation of states in the Senate means that smaller states have a greater voice in the legislative process than they would if representation was based on population alone. This can make it more difficult for larger states to pass legislation that would benefit their constituents. Additionally, the fact that senators serve longer terms than representatives (six years compared to two years) means that there is greater continuity and stability in the Senate, but also makes it more difficult to remove ineffective or unpopular senators. The representation by population in the House of Representatives means that larger states have a greater say in the legislative process, but can also make it more difficult for smaller states to have their voices heard. Overall, these differences reflect the framers' desire to balance the interests of larger and smaller states within the US Congress, but can create challenges in achieving a functional and effective legislative system.","The US Senate and House of Representatives are both parts of the US Congress and perform distinct constitutional roles. Here are the main differences between the two chambers:

1. Constitutional roles: The House of Representatives is responsible for proposing and passing revenue and appropriation bills (i.e., bills that authorize the government to spend money), whereas the Senate “advices and consents” to presidential nominees for high-level positions in the executive and judicial branches, as well as ratifies treaties negotiated by the President.

2. Number of members: The House of Representatives has 435 members, with each state represented based on population. The number of representatives per state is recalculated every 10 years following the Census. The Senate, on the other hand, has 100 members (two from each state) and was designed by the framers of the Constitution to be a “cooling saucer,” a place where bills could be debated and slowed down.

3. Representation of the states: Because the number of representatives in the House is based on the population of each state, larger states have more representatives than smaller states. The Senate, however, gives each state an equal voice, with two senators per state, regardless of population. This balances the interests of small and large states and was designed to prevent majority tyranny."
